[
    { "nombre": "Arica", "id_region": 1, "id_pais": 1 },
    { "nombre": "Camarones", "id_region": 1, "id_pais": 1 },
    { "nombre": "Putre", "id_region": 1, "id_pais": 1 },
    { "nombre": "General Lagos", "id_region": 1, "id_pais": 1 },
    { "nombre": "Iquique", "id_region": 2, "id_pais": 1 },
    { "nombre": "Alto Hospicio", "id_region": 2, "id_pais": 1 },
    { "nombre": "Pozo Almonte", "id_region": 2, "id_pais": 1 },
    { "nombre": "Camiña", "id_region": 2, "id_pais": 1 },
    { "nombre": "Colchane", "id_region": 2, "id_pais": 1 },
    { "nombre": "Huara", "id_region": 2, "id_pais": 1 },
    { "nombre": "Pica", "id_region": 2, "id_pais": 1 },
    { "nombre": "Antofagasta", "id_region": 3, "id_pais": 1 },
    { "nombre": "Mejillones", "id_region": 3, "id_pais": 1 },
    { "nombre": "Sierra Gorda", "id_region": 3, "id_pais": 1 },
    { "nombre": "Taltal", "id_region": 3, "id_pais": 1 },
    { "nombre": "Calama", "id_region": 3, "id_pais": 1 },
    { "nombre": "Ollagüe", "id_region": 3, "id_pais": 1 },
    { "nombre": "San Pedro de Atacama", "id_region": 3, "id_pais": 1 },
    { "nombre": "Tocopilla", "id_region": 3, "id_pais": 1 },
    { "nombre": "María Elena", "id_region": 3, "id_pais": 1 },
    { "nombre": "Copiapó", "id_region": 4, "id_pais": 1 },
    { "nombre": "Caldera", "id_region": 4, "id_pais": 1 },
    { "nombre": "Tierra Amarilla", "id_region": 4, "id_pais": 1 },
    { "nombre": "Chañaral", "id_region": 4, "id_pais": 1 },
    { "nombre": "Diego de Almagro", "id_region": 4, "id_pais": 1 },
    { "nombre": "Vallenar", "id_region": 4, "id_pais": 1 },
    { "nombre": "Alto del Carmen", "id_region": 4, "id_pais": 1 },
    { "nombre": "Freirina", "id_region": 4, "id_pais": 1 },
    { "nombre": "Huasco", "id_region": 4, "id_pais": 1 },
    { "nombre": "La Serena", "id_region": 5, "id_pais": 1 },
    { "nombre": "Coquimbo", "id_region": 5, "id_pais": 1 },
    { "nombre": "Andacollo", "id_region": 5, "id_pais": 1 },
    { "nombre": "La Higuera", "id_region": 5, "id_pais": 1 },
    { "nombre": "Paihuano", "id_region": 5, "id_pais": 1 },
    { "nombre": "Vicuña", "id_region": 5, "id_pais": 1 },
    { "nombre": "Illapel", "id_region": 5, "id_pais": 1 },
    { "nombre": "Canela", "id_region": 5, "id_pais": 1 },
    { "nombre": "Los Vilos", "id_region": 5, "id_pais": 1 },
    { "nombre": "Salamanca", "id_region": 5, "id_pais": 1 },
    { "nombre": "Ovalle", "id_region": 5, "id_pais": 1 },
    { "nombre": "Combarbalá", "id_region": 5, "id_pais": 1 },
    { "nombre": "Monte Patria", "id_region": 5, "id_pais": 1 },
    { "nombre": "Punitaqui", "id_region": 5, "id_pais": 1 },
    { "nombre": "Río Hurtado", "id_region": 5, "id_pais": 1 },
    { "nombre": "Valparaíso", "id_region": 6, "id_pais": 1 },
    { "nombre": "Casablanca", "id_region": 6, "id_pais": 1 },
    { "nombre": "Concón", "id_region": 6, "id_pais": 1 },
    { "nombre": "Juan Fernández", "id_region": 6, "id_pais": 1 },
    { "nombre": "Puchuncaví", "id_region": 6, "id_pais": 1 },
    { "nombre": "Quintero", "id_region": 6, "id_pais": 1 },
    { "nombre": "Viña del Mar", "id_region": 6, "id_pais": 1 },
    { "nombre": "Isla de Pascua", "id_region": 6, "id_pais": 1 },
    { "nombre": "Los Andes", "id_region": 6, "id_pais": 1 },
    { "nombre": "Calle Larga", "id_region": 6, "id_pais": 1 },
    { "nombre": "Rinconada", "id_region": 6, "id_pais": 1 },
    { "nombre": "San Esteban", "id_region": 6, "id_pais": 1 },
    { "nombre": "La Ligua", "id_region": 6, "id_pais": 1 },
    { "nombre": "Cabildo", "id_region": 6, "id_pais": 1 },
    { "nombre": "Papudo", "id_region": 6, "id_pais": 1 },
    { "nombre": "Petorca", "id_region": 6, "id_pais": 1 },
    { "nombre": "Zapallar", "id_region": 6, "id_pais": 1 },
    { "nombre": "Quillota", "id_region": 6, "id_pais": 1 },
    { "nombre": "La Calera", "id_region": 6, "id_pais": 1 },
    { "nombre": "Hijuelas", "id_region": 6, "id_pais": 1 },
    { "nombre": "La Cruz", "id_region": 6, "id_pais": 1 },
    { "nombre": "Nogales", "id_region": 6, "id_pais": 1 },
    { "nombre": "San Antonio", "id_region": 6, "id_pais": 1 },
    { "nombre": "Algarrobo", "id_region": 6, "id_pais": 1 },
    { "nombre": "Cartagena", "id_region": 6, "id_pais": 1 },
    { "nombre": "El Quisco", "id_region": 6, "id_pais": 1 },
    { "nombre": "El Tabo", "id_region": 6, "id_pais": 1 },
    { "nombre": "Santo Domingo", "id_region": 6, "id_pais": 1 },
    { "nombre": "San Felipe", "id_region": 6, "id_pais": 1 },
    { "nombre": "Catemu", "id_region": 6, "id_pais": 1 },
    { "nombre": "Llay-Llay", "id_region": 6, "id_pais": 1 },
    { "nombre": "Panquehue", "id_region": 6, "id_pais": 1 },
    { "nombre": "Putaendo", "id_region": 6, "id_pais": 1 },
    { "nombre": "Santa María", "id_region": 6, "id_pais": 1 },
    { "nombre": "Quilpué", "id_region": 6, "id_pais": 1 },
    { "nombre": "Limache", "id_region": 6, "id_pais": 1 },
    { "nombre": "Olmué", "id_region": 6, "id_pais": 1 },
    { "nombre": "Villa Alemana", "id_region": 6, "id_pais": 1 },
    { "nombre": "Rancagua", "id_region": 8, "id_pais": 1 },
    { "nombre": "Codegua", "id_region": 8, "id_pais": 1 },
    { "nombre": "Coinco", "id_region": 8, "id_pais": 1 },
    { "nombre": "Coltauco", "id_region": 8, "id_pais": 1 },
    { "nombre": "Doñihue", "id_region": 8, "id_pais": 1 },
    { "nombre": "Graneros", "id_region": 8, "id_pais": 1 },
    { "nombre": "Las Cabras", "id_region": 8, "id_pais": 1 },
    { "nombre": "Machalí", "id_region": 8, "id_pais": 1 },
    { "nombre": "Malloa", "id_region": 8, "id_pais": 1 },
    { "nombre": "Mostazal", "id_region": 8, "id_pais": 1 },
    { "nombre": "Olivar", "id_region": 8, "id_pais": 1 },
    { "nombre": "Peumo", "id_region": 8, "id_pais": 1 },
    { "nombre": "Pichidegua", "id_region": 8, "id_pais": 1 },
    { "nombre": "Quinta de Tilcoco", "id_region": 8, "id_pais": 1 },
    { "nombre": "Rengo", "id_region": 8, "id_pais": 1 },
    { "nombre": "Requínoa", "id_region": 8, "id_pais": 1 },
    { "nombre": "San Vicente", "id_region": 8, "id_pais": 1 },
    { "nombre": "Pichilemu", "id_region": 8, "id_pais": 1 },
    { "nombre": "La Estrella", "id_region": 8, "id_pais": 1 },
    { "nombre": "Litueche", "id_region": 8, "id_pais": 1 },
    { "nombre": "Marchihue", "id_region": 8, "id_pais": 1 },
    { "nombre": "Navidad", "id_region": 8, "id_pais": 1 },
    { "nombre": "Paredones", "id_region": 8, "id_pais": 1 },
    { "nombre": "San Fernando", "id_region": 8, "id_pais": 1 },
    { "nombre": "Chépica", "id_region": 8, "id_pais": 1 },
    { "nombre": "Chimbarongo", "id_region": 8, "id_pais": 1 },
    { "nombre": "Lolol", "id_region": 8, "id_pais": 1 },
    { "nombre": "Nancagua", "id_region": 8, "id_pais": 1 },
    { "nombre": "Palmilla", "id_region": 8, "id_pais": 1 },
    { "nombre": "Peralillo", "id_region": 8, "id_pais": 1 },
    { "nombre": "Placilla", "id_region": 8, "id_pais": 1 },
    { "nombre": "Pumanque", "id_region": 8, "id_pais": 1 },
    { "nombre": "Santa Cruz", "id_region": 8, "id_pais": 1 },
    { "nombre": "Talca", "id_region": 9, "id_pais": 1 },
    { "nombre": "Constitución", "id_region": 9, "id_pais": 1 },
    { "nombre": "Curepto", "id_region": 9, "id_pais": 1 },
    { "nombre": "Empedrado", "id_region": 9, "id_pais": 1 },
    { "nombre": "Maule", "id_region": 9, "id_pais": 1 },
    { "nombre": "Pelarco", "id_region": 9, "id_pais": 1 },
    { "nombre": "Pencahue", "id_region": 9, "id_pais": 1 },
    { "nombre": "Río Claro", "id_region": 9, "id_pais": 1 },
    { "nombre": "San Clemente", "id_region": 9, "id_pais": 1 },
    { "nombre": "San Rafael", "id_region": 9, "id_pais": 1 },
    { "nombre": "Cauquenes", "id_region": 9, "id_pais": 1 },
    { "nombre": "Chanco", "id_region": 9, "id_pais": 1 },
    { "nombre": "Pelluhue", "id_region": 9, "id_pais": 1 },
    { "nombre": "Curicó", "id_region": 9, "id_pais": 1 },
    { "nombre": "Hualañé", "id_region": 9, "id_pais": 1 },
    { "nombre": "Licantén", "id_region": 9, "id_pais": 1 },
    { "nombre": "Molina", "id_region": 9, "id_pais": 1 },
    { "nombre": "Rauco", "id_region": 9, "id_pais": 1 },
    { "nombre": "Romeral", "id_region": 9, "id_pais": 1 },
    { "nombre": "Sagrada Familia", "id_region": 9, "id_pais": 1 },
    { "nombre": "Teno", "id_region": 9, "id_pais": 1 },
    { "nombre": "Vichuquén", "id_region": 9, "id_pais": 1 },
    { "nombre": "Linares", "id_region": 9, "id_pais": 1 },
    { "nombre": "Colbún", "id_region": 9, "id_pais": 1 },
    { "nombre": "Longaví", "id_region": 9, "id_pais": 1 },
    { "nombre": "Parral", "id_region": 9, "id_pais": 1 },
    { "nombre": "Retiro", "id_region": 9, "id_pais": 1 },
    { "nombre": "San Javier", "id_region": 9, "id_pais": 1 },
    { "nombre": "Villa Alegre", "id_region": 9, "id_pais": 1 },
    { "nombre": "Yerbas Buenas", "id_region": 9, "id_pais": 1 },
    { "nombre": "Chillán", "id_region": 10, "id_pais": 1 },
    { "nombre": "Bulnes", "id_region": 10, "id_pais": 1 },
    { "nombre": "Chillán Viejo", "id_region": 10, "id_pais": 1 },
    { "nombre": "El Carmen", "id_region": 10, "id_pais": 1 },
    { "nombre": "Pemuco", "id_region": 10, "id_pais": 1 },
    { "nombre": "Pinto", "id_region": 10, "id_pais": 1 },
    { "nombre": "Quillón", "id_region": 10, "id_pais": 1 },
    { "nombre": "San Ignacio", "id_region": 10, "id_pais": 1 },
    { "nombre": "Yungay", "id_region": 10, "id_pais": 1 },
    { "nombre": "Quirihue", "id_region": 10, "id_pais": 1 },
    { "nombre": "Cobquecura", "id_region": 10, "id_pais": 1 },
    { "nombre": "Coelemu", "id_region": 10, "id_pais": 1 },
    { "nombre": "Ninhue", "id_region": 10, "id_pais": 1 },
    { "nombre": "Portezuelo", "id_region": 10, "id_pais": 1 },
    { "nombre": "Ránquil", "id_region": 10, "id_pais": 1 },
    { "nombre": "Treguaco", "id_region": 10, "id_pais": 1 },
    { "nombre": "San Carlos", "id_region": 10, "id_pais": 1 },
    { "nombre": "Coihueco", "id_region": 10, "id_pais": 1 },
    { "nombre": "Ñiquén", "id_region": 10, "id_pais": 1 },
    { "nombre": "San Fabián", "id_region": 10, "id_pais": 1 },
    { "nombre": "San Nicolás", "id_region": 10, "id_pais": 1 },
    { "nombre": "Concepción", "id_region": 11, "id_pais": 1 },
    { "nombre": "Coronel", "id_region": 11, "id_pais": 1 },
    { "nombre": "Chiguayante", "id_region": 11, "id_pais": 1 },
    { "nombre": "Florida", "id_region": 11, "id_pais": 1 },
    { "nombre": "Hualqui", "id_region": 11, "id_pais": 1 },
    { "nombre": "Lota", "id_region": 11, "id_pais": 1 },
    { "nombre": "Penco", "id_region": 11, "id_pais": 1 },
    { "nombre": "San Pedro de La Paz", "id_region": 11, "id_pais": 1 },
    { "nombre": "Santa Juana", "id_region": 11, "id_pais": 1 },
    { "nombre": "Talcahuano", "id_region": 11, "id_pais": 1 },
    { "nombre": "Tomé", "id_region": 11, "id_pais": 1 },
    { "nombre": "Hualpén", "id_region": 11, "id_pais": 1 },
    { "nombre": "Lebu", "id_region": 11, "id_pais": 1 },
    { "nombre": "Arauco", "id_region": 11, "id_pais": 1 },
    { "nombre": "Cañete", "id_region": 11, "id_pais": 1 },
    { "nombre": "Contulmo", "id_region": 11, "id_pais": 1 },
    { "nombre": "Curanilahue", "id_region": 11, "id_pais": 1 },
    { "nombre": "Los Álamos", "id_region": 11, "id_pais": 1 },
    { "nombre": "Tirúa", "id_region": 11, "id_pais": 1 },
    { "nombre": "Los Ángeles", "id_region": 11, "id_pais": 1 },
    { "nombre": "Antuco", "id_region": 11, "id_pais": 1 },
    { "nombre": "Cabrero", "id_region": 11, "id_pais": 1 },
    { "nombre": "Laja", "id_region": 11, "id_pais": 1 },
    { "nombre": "Mulchén", "id_region": 11, "id_pais": 1 },
    { "nombre": "Nacimiento", "id_region": 11, "id_pais": 1 },
    { "nombre": "Negrete", "id_region": 11, "id_pais": 1 },
    { "nombre": "Quilaco", "id_region": 11, "id_pais": 1 },
    { "nombre": "Quilleco", "id_region": 11, "id_pais": 1 },
    { "nombre": "San Rosendo", "id_region": 11, "id_pais": 1 },
    { "nombre": "Santa Bárbara", "id_region": 11, "id_pais": 1 },
    { "nombre": "Tucapel", "id_region": 11, "id_pais": 1 },
    { "nombre": "Yumbel", "id_region": 11, "id_pais": 1 },
    { "nombre": "Alto Biobío", "id_region": 11, "id_pais": 1 },
    { "nombre": "Temuco", "id_region": 12, "id_pais": 1 },
    { "nombre": "Carahue", "id_region": 12, "id_pais": 1 },
    { "nombre": "Cunco", "id_region": 12, "id_pais": 1 },
    { "nombre": "Curarrehue", "id_region": 12, "id_pais": 1 },
    { "nombre": "Freire", "id_region": 12, "id_pais": 1 },
    { "nombre": "Galvarino", "id_region": 12, "id_pais": 1 },
    { "nombre": "Gorbea", "id_region": 12, "id_pais": 1 },
    { "nombre": "Lautaro", "id_region": 12, "id_pais": 1 },
    { "nombre": "Loncoche", "id_region": 12, "id_pais": 1 },
    { "nombre": "Melipeuco", "id_region": 12, "id_pais": 1 },
    { "nombre": "Nueva Imperial", "id_region": 12, "id_pais": 1 },
    { "nombre": "Padre Las Casas", "id_region": 12, "id_pais": 1 },
    { "nombre": "Perquenco", "id_region": 12, "id_pais": 1 },
    { "nombre": "Pitrufquén", "id_region": 12, "id_pais": 1 },
    { "nombre": "Pucón", "id_region": 12, "id_pais": 1 },
    { "nombre": "Saavedra", "id_region": 12, "id_pais": 1 },
    { "nombre": "Teodoro Schmidt", "id_region": 12, "id_pais": 1 },
    { "nombre": "Toltén", "id_region": 12, "id_pais": 1 },
    { "nombre": "Vilcún", "id_region": 12, "id_pais": 1 },
    { "nombre": "Villarrica", "id_region": 12, "id_pais": 1 },
    { "nombre": "Cholchol", "id_region": 12, "id_pais": 1 },
    { "nombre": "Angol", "id_region": 12, "id_pais": 1 },
    { "nombre": "Collipulli", "id_region": 12, "id_pais": 1 },
    { "nombre": "Curacautín", "id_region": 12, "id_pais": 1 },
    { "nombre": "Ercilla", "id_region": 12, "id_pais": 1 },
    { "nombre": "Lonquimay", "id_region": 12, "id_pais": 1 },
    { "nombre": "Los Sauces", "id_region": 12, "id_pais": 1 },
    { "nombre": "Lumaco", "id_region": 12, "id_pais": 1 },
    { "nombre": "Purén", "id_region": 12, "id_pais": 1 },
    { "nombre": "Renaico", "id_region": 12, "id_pais": 1 },
    { "nombre": "Traiguén", "id_region": 12, "id_pais": 1 },
    { "nombre": "Victoria", "id_region": 12, "id_pais": 1 },
    { "nombre": "Valdivia", "id_region": 13, "id_pais": 1 },
    { "nombre": "Corral", "id_region": 13, "id_pais": 1 },
    { "nombre": "Lanco", "id_region": 13, "id_pais": 1 },
    { "nombre": "Los Lagos", "id_region": 13, "id_pais": 1 },
    { "nombre": "Máfil", "id_region": 13, "id_pais": 1 },
    { "nombre": "Mariquina", "id_region": 13, "id_pais": 1 },
    { "nombre": "Paillaco", "id_region": 13, "id_pais": 1 },
    { "nombre": "Panguipulli", "id_region": 13, "id_pais": 1 },
    { "nombre": "La Unión", "id_region": 13, "id_pais": 1 },
    { "nombre": "Futrono", "id_region": 13, "id_pais": 1 },
    { "nombre": "Lago Ranco", "id_region": 13, "id_pais": 1 },
    { "nombre": "Río Bueno", "id_region": 13, "id_pais": 1 },
    { "nombre": "Puerto Montt", "id_region": 14, "id_pais": 1 },
    { "nombre": "Calbuco", "id_region": 14, "id_pais": 1 },
    { "nombre": "Cochamó", "id_region": 14, "id_pais": 1 },
    { "nombre": "Fresia", "id_region": 14, "id_pais": 1 },
    { "nombre": "Frutillar", "id_region": 14, "id_pais": 1 },
    { "nombre": "Los Muermos", "id_region": 14, "id_pais": 1 },
    { "nombre": "Llanquihue", "id_region": 14, "id_pais": 1 },
    { "nombre": "Maullín", "id_region": 14, "id_pais": 1 },
    { "nombre": "Puerto Varas", "id_region": 14, "id_pais": 1 },
    { "nombre": "Castro", "id_region": 14, "id_pais": 1 },
    { "nombre": "Ancud", "id_region": 14, "id_pais": 1 },
    { "nombre": "Chonchi", "id_region": 14, "id_pais": 1 },
    { "nombre": "Curaco de Vélez", "id_region": 14, "id_pais": 1 },
    { "nombre": "Dalcahue", "id_region": 14, "id_pais": 1 },
    { "nombre": "Puqueldón", "id_region": 14, "id_pais": 1 },
    { "nombre": "Queilén", "id_region": 14, "id_pais": 1 },
    { "nombre": "Quellón", "id_region": 14, "id_pais": 1 },
    { "nombre": "Quemchi", "id_region": 14, "id_pais": 1 },
    { "nombre": "Quinchao", "id_region": 14, "id_pais": 1 },
    { "nombre": "Osorno", "id_region": 14, "id_pais": 1 },
    { "nombre": "Puerto Octay", "id_region": 14, "id_pais": 1 },
    { "nombre": "Purranque", "id_region": 14, "id_pais": 1 },
    { "nombre": "Puyehue", "id_region": 14, "id_pais": 1 },
    { "nombre": "Río Negro", "id_region": 14, "id_pais": 1 },
    { "nombre": "San Juan de la Costa", "id_region": 14, "id_pais": 1 },
    { "nombre": "San Pablo", "id_region": 14, "id_pais": 1 },
    { "nombre": "Chaitén", "id_region": 14, "id_pais": 1 },
    { "nombre": "Futaleufú", "id_region": 14, "id_pais": 1 },
    { "nombre": "Hualaihué", "id_region": 14, "id_pais": 1 },
    { "nombre": "Palena", "id_region": 14, "id_pais": 1 },
    { "nombre": "Coyhaique", "id_region": 15, "id_pais": 1 },
    { "nombre": "Lago Verde", "id_region": 15, "id_pais": 1 },
    { "nombre": "Aysén", "id_region": 15, "id_pais": 1 },
    { "nombre": "Cisnes", "id_region": 15, "id_pais": 1 },
    { "nombre": "Guaitecas", "id_region": 15, "id_pais": 1 },
    { "nombre": "Cochrane", "id_region": 15, "id_pais": 1 },
    { "nombre": "O'Higgins", "id_region": 15, "id_pais": 1 },
    { "nombre": "Tortel", "id_region": 15, "id_pais": 1 },
    { "nombre": "Chile Chico", "id_region": 15, "id_pais": 1 },
    { "nombre": "Río Ibáñez", "id_region": 15, "id_pais": 1 },
    { "nombre": "Punta Arenas", "id_region": 16, "id_pais": 1 },
    { "nombre": "Laguna Blanca", "id_region": 16, "id_pais": 1 },
    { "nombre": "Río Verde", "id_region": 16, "id_pais": 1 },
    { "nombre": "San Gregorio", "id_region": 16, "id_pais": 1 },
    { "nombre": "Cabo de Hornos", "id_region": 16, "id_pais": 1 },
    { "nombre": "Antártica", "id_region": 16, "id_pais": 1 },
    { "nombre": "Porvenir", "id_region": 16, "id_pais": 1 },
    { "nombre": "Primavera", "id_region": 16, "id_pais": 1 },
    { "nombre": "Timaukel", "id_region": 16, "id_pais": 1 },
    { "nombre": "Natales", "id_region": 16, "id_pais": 1 },
    { "nombre": "Torres del Paine", "id_region": 16, "id_pais": 1 },
    { "nombre": "Santiago", "id_region": 7, "id_pais": 1 },
    { "nombre": "Cerrillos", "id_region": 7, "id_pais": 1 },
    { "nombre": "Cerro Navia", "id_region": 7, "id_pais": 1 },
    { "nombre": "Conchalí", "id_region": 7, "id_pais": 1 },
    { "nombre": "El Bosque", "id_region": 7, "id_pais": 1 },
    { "nombre": "Estación Central", "id_region": 7, "id_pais": 1 },
    { "nombre": "Huechuraba", "id_region": 7, "id_pais": 1 },
    { "nombre": "Independencia", "id_region": 7, "id_pais": 1 },
    { "nombre": "La Cisterna", "id_region": 7, "id_pais": 1 },
    { "nombre": "La Florida", "id_region": 7, "id_pais": 1 },
    { "nombre": "La Granja", "id_region": 7, "id_pais": 1 },
    { "nombre": "La Pintana", "id_region": 7, "id_pais": 1 },
    { "nombre": "La Reina", "id_region": 7, "id_pais": 1 },
    { "nombre": "Las Condes", "id_region": 7, "id_pais": 1 },
    { "nombre": "Lo Barnechea", "id_region": 7, "id_pais": 1 },
    { "nombre": "Lo Espejo", "id_region": 7, "id_pais": 1 },
    { "nombre": "Lo Prado", "id_region": 7, "id_pais": 1 },
    { "nombre": "Macul", "id_region": 7, "id_pais": 1 },
    { "nombre": "Maipú", "id_region": 7, "id_pais": 1 },
    { "nombre": "Ñuñoa", "id_region": 7, "id_pais": 1 },
    { "nombre": "Pedro Aguirre Cerda", "id_region": 7, "id_pais": 1 },
    { "nombre": "Peñalolén", "id_region": 7, "id_pais": 1 },
    { "nombre": "Providencia", "id_region": 7, "id_pais": 1 },
    { "nombre": "Pudahuel", "id_region": 7, "id_pais": 1 },
    { "nombre": "Quilicura", "id_region": 7, "id_pais": 1 },
    { "nombre": "Quinta Normal", "id_region": 7, "id_pais": 1 },
    { "nombre": "Recoleta", "id_region": 7, "id_pais": 1 },
    { "nombre": "Renca", "id_region": 7, "id_pais": 1 },
    { "nombre": "San Joaquín", "id_region": 7, "id_pais": 1 },
    { "nombre": "San Miguel", "id_region": 7, "id_pais": 1 },
    { "nombre": "San Ramón", "id_region": 7, "id_pais": 1 },
    { "nombre": "Vitacura", "id_region": 7, "id_pais": 1 },
    { "nombre": "Puente Alto", "id_region": 7, "id_pais": 1 },
    { "nombre": "Pirque", "id_region": 7, "id_pais": 1 },
    { "nombre": "San José de Maipo", "id_region": 7, "id_pais": 1 },
    { "nombre": "Colina", "id_region": 7, "id_pais": 1 },
    { "nombre": "Lampa", "id_region": 7, "id_pais": 1 },
    { "nombre": "Til Til", "id_region": 7, "id_pais": 1 },
    { "nombre": "San Bernardo", "id_region": 7, "id_pais": 1 },
    { "nombre": "Buin", "id_region": 7, "id_pais": 1 },
    { "nombre": "Calera de Tango", "id_region": 7, "id_pais": 1 },
    { "nombre": "Paine", "id_region": 7, "id_pais": 1 },
    { "nombre": "Melipilla", "id_region": 7, "id_pais": 1 },
    { "nombre": "Alhué", "id_region": 7, "id_pais": 1 },
    { "nombre": "Curacaví", "id_region": 7, "id_pais": 1 },
    { "nombre": "María Pinto", "id_region": 7, "id_pais": 1 },
    { "nombre": "San Pedro", "id_region": 7, "id_pais": 1 },
    { "nombre": "Talagante", "id_region": 7, "id_pais": 1 },
    { "nombre": "El Monte", "id_region": 7, "id_pais": 1 },
    { "nombre": "Isla de Maipo", "id_region": 7, "id_pais": 1 },
    { "nombre": "Padre Hurtado", "id_region": 7, "id_pais": 1 },
    { "nombre": "Peñaflor", "id_region": 7, "id_pais": 1 }
        
]

